YEAR/MONTH,RAINFALL_KONKAN & GOA,RAINFALL_MADHYA MAHARASHTRA,RAINFALL_MARATHVADA,RAINFALL_VIDHARBA,RAINFALL_CHHATTISGARH
Jan-01,5.6,18.8,15.8,36.8,48.9
Feb-01,0.1,0.6,3.3,39.9,116.5
Mar-01,0.4,7.7,32.1,30.9,27.8
Apr-01,35.7,36.6,48.5,26.1,5.5
May-01,19.9,30.4,26.5,7.3,18.4
Jun-01,746.1,107.7,193.1,129.7,101.6
Jul-01,1075.5,215.9,184.1,295.3,381
Aug-01,748,194.1,249.8,368.8,476.7
Sep-01,117.4,83.7,74,123.4,182.8
Oct-01,38.6,68.7,81.6,35.2,27.3
Nov-01,5.4,4.4,0,0,0.4
Dec-01,0.1,0.5,0,0,0
Jan-02,0.3,7.8,1.3,1.6,0.6
Feb-02,0,0,0,0.1,6.5
Mar-02,0,0.1,0.4,0,0.4
Apr-02,0.4,5,7.2,6.5,13.9
May-02,7.6,9.8,0.8,4.1,10.3
Jun-02,428.2,102.6,52.4,38,37.2
Jul-02,943.6,210.9,120.9,270.7,403.8
Aug-02,515.1,114.5,85.2,204.7,236.6
Sep-02,613.8,169.5,273.3,150.9,198.1
Oct-02,74.3,60.4,61.3,29.6,4.7
Nov-02,42.7,40.5,84.4,16.1,8.1
Dec-02,48,62.9,56.9,26.7,3.7
Jan-03,0,7.6,2.6,5.2,6.2
Feb-03,0,0,0.8,4,13.9
Mar-03,0.1,0,0,0.1,0.4
Apr-03,0,3.2,1.7,2.5,6.8
May-03,201.1,77.2,58.3,37.8,51.1
Jun-03,470.5,86.3,104.4,121.2,110.7
Jul-03,1298.6,281.8,264.2,475.5,365.9
Aug-03,673.9,155.5,281.9,325.5,396
Sep-03,285.1,142.3,173.3,154.8,212
Oct-03,140.8,74.2,139.9,100.8,168
Nov-03,12.4,7.6,0.3,2,0.1
Dec-03,1.7,2.2,5.3,0,0
Jan-04,0,0.4,0,4.3,0
Feb-04,0.1,4.7,0.9,2.4,8.6
Mar-04,6.6,1.7,12.1,12.9,32.3
Apr-04,6.3,3,0.3,0.2,0.2
May-04,4.6,18.7,7.2,14.8,77.5
Jun-04,975.8,114.6,79.2,148.9,369.5
Jul-04,771.7,126.5,118.4,158.3,303.6
Aug-04,321.3,59.5,57.3,151.8,483.6
Sep-04,217,183,339,196.9,86.8
Oct-04,90.3,91.1,76.2,61.7,129.3
Nov-04,0,0,0,0,1
Dec-04,0,0.4,0,0.9,0
Jan-05,0.1,0,1.3,7.3,50.3
Feb-05,0.1,1.2,2,12.7,22.6
Mar-05,0,0,0,12.4,19
Apr-05,0.4,2.3,6.6,16.2,24.6
May-05,8.6,23.6,4.8,14,31.8
Jun-05,293.7,65,84.6,81,40.4
Jul-05,770.6,252.8,94.8,254.5,443.7
Aug-05,305.5,79,137.6,216.3,270.8
Sep-05,208.3,52.6,157.8,321.3,338.8
Oct-05,83.5,52.9,15.4,6,8.9
Nov-05,12.1,8.3,0.9,0.2,0
Dec-05,0,0,0,0,0
Jan-06,5,10.5,19.8,12.9,25
Feb-06,0.9,0.8,0,3.3,91
Mar-06,0,0,0.1,11.9,52.5
Apr-06,0,0.1,0,0.2,0
May-06,2.9,9.3,0.2,6.1,4.1
Jun-06,547.4,184.8,220.6,328.1,210.1
Jul-06,1090.9,199.3,254.9,350.4,445.2
Aug-06,506.7,205,156.9,325.8,258.3
Sep-06,222.5,88.8,82.1,113.3,242.3
Oct-06,31.6,19.1,19.8,6.9,41.2
Nov-06,10.2,15.5,3.9,14.3,10.2
Dec-06,0.7,11.1,12.4,18.1,14.7
Jan-07,1.7,0.5,1,3.6,4
Feb-07,1,3.7,6.6,52.9,40.2
Mar-07,0,1.5,1.1,3.7,41.7
Apr-07,20.1,54.5,61.3,45.3,39.4
May-07,0,0.6,0,1.6,4.5
Jun-07,583.1,118,90.4,181.4,286.5
Jul-07,1170.9,262.3,198.9,309.7,233.6
Aug-07,811.5,267.8,155.2,332.6,494.4
Sep-07,164,94.1,34.7,59.7,141.8
Oct-07,11.4,7.6,5,0.2,0.1
Nov-07,1.9,3.6,0,15.7,7.3
Dec-07,0.9,0.9,3.7,4.3,15.3
Jan-08,0.9,0.3,0,4.1,8.4
Feb-08,1.1,0,0.8,15.5,67.1
Mar-08,0,4.7,13,13.5,6.3
Apr-08,2.3,6.3,2.9,5.7,1.5
May-08,1,5.8,1.6,1.5,6.5
Jun-08,440,85.1,100.7,232,182.4
Jul-08,1391.8,263,124.4,355.2,465.9
Aug-08,649.8,169.9,176.8,398.4,590
Sep-08,222.4,166.6,261.9,205.9,146.7
Oct-08,24.6,16.3,0.4,7.8,12.9
Nov-08,1.6,4,0,0,0
Dec-08,0,0,0,3.9,1.1
Jan-09,0.1,1.2,5.5,1.3,11.3
Feb-09,0,0.1,1.6,10,5.8
Mar-09,0.1,0.7,8.4,4.8,3.1
Apr-09,0.3,1.4,4.2,31.5,112.8
May-09,7.8,38.5,22.2,17.9,6.1
Jun-09,759.5,179.6,217.2,157.1,266.1
Jul-09,1301.8,247,194.3,405,473.9
Aug-09,381.5,101.6,173.8,176,210.8
Sep-09,384.4,146.2,223.5,160.3,142.8
Oct-09,17.5,31.1,21.4,7.3,6.7
Nov-09,7.4,3.1,0.4,0,0
Dec-09,0.1,4.7,20.3,90.6,44.7
Jan-10,0,0,0,0,9
Feb-10,0,0,0,0,0.6
Mar-10,0.3,1,0.9,0,3.7
Apr-10,0,0,0,0.1,21.5
May-10,2.6,13.1,3.1,10,13.3
Jun-10,832.4,204.6,202.1,289.1,246
Jul-10,407.8,172,166.7,297.4,296.6
Aug-10,763.2,228.6,188.5,278.7,441.4
Sep-10,374.6,195.7,467.9,300.3,265.2
Oct-10,121.4,70,59.7,57.7,92.6
Nov-10,41.7,30.2,45.3,60.8,17.4
Dec-10,0,0,0,0,0
Jan-11,0.2,2,6.4,18.2,2.2
Feb-11,0,0.1,0,0,0
Mar-11,3.2,2.2,0,2.2,21.7
Apr-11,0,0.2,0,0,0.8
May-11,17.1,12,3,2.6,9
Jun-11,543.6,136.9,85.5,218,366.7
Jul-11,585.6,137.7,231.9,205.9,215.7
Aug-11,750.3,153.2,175,292.3,474.6
Sep-11,175.5,29.9,68.6,176.1,244.6
Oct-11,34.2,23.6,0.2,27.5,131.6
Nov-11,21.4,42.9,41.8,39.9,37.4
Dec-11,3.6,3.8,0,0,0
Jan-12,0,0,0,0.6,3.1
Feb-12,0,0.4,13.7,49.3,73.9
Mar-12,0,0,0,0.2,1
Apr-12,4.1,9,6.5,6.1,22.6
May-12,28.9,20.9,9.5,7.2,11.3
Jun-12,671,88.3,62.9,54.2,62.3
Jul-12,1242.9,307.6,177.3,364.5,422.5
Aug-12,541.7,150,145.9,391.9,411.9
Sep-12,135.2,34.7,34.6,117,194
Oct-12,71.9,86,22.8,6.9,13
Nov-12,97.5,67.7,15.2,15.6,11.3
Dec-12,0,0.3,0,0.5,0
Jan-13,0,0,0,0,4.3
Feb-13,0,0.2,3.4,24.9,85.4
Mar-13,0,0,0,4,31.8
Apr-13,1.3,8.4,15.1,1.8,4.1
May-13,18.7,34,38.6,17.2,35.8
Jun-13,897.9,259.9,173,199.8,246
Jul-13,1074.3,210.8,245.9,378.3,374.4
Aug-13,321.8,86.6,80.1,244.3,285.6
Sep-13,194.4,82.8,63.7,137.2,122.2
Oct-13,107.5,43.7,21,17.4,24.9
Nov-13,1.6,0.6,0,0.3,6.2
Dec-13,0,5.5,15.9,27.4,14
Jan-14,0,0,0,0,0
Feb-14,0.8,0.4,10.4,13.4,7.9
Mar-14,0,0.3,5.2,12.8,21
Apr-14,0.8,3.7,0.9,39.1,38.6
May-14,1.6,15.2,16.3,15.9,51.5
Jun-14,706.9,188.3,297,239.5,186.1
Jul-14,1370.3,348.8,177.2,341.2,493.8
Aug-14,797.6,204.3,151.7,245.6,373
Sep-14,549.9,211.6,258.3,266.6,234.1
Oct-14,21.9,22.1,23.9,6.1,5
Nov-14,11.2,36.6,20.9,5.7,0.2
Dec-14,3.6,7.6,27.3,13.1,6.8
Jan-15,0,8.6,28,33.3,25
Feb-15,4.7,6.6,2.6,9.1,42.4
Mar-15,5.9,13.9,55.9,65.9,19.7
Apr-15,10.2,21.9,18.9,18.9,16.6
May-15,7.7,12.1,11.5,13.1,21.2
Jun-15,845.1,195.2,207.8,190.2,131.3
Jul-15,734.4,225.4,146.8,311,364.6
Aug-15,355.1,80,96.1,229.6,435.9
Sep-15,412.2,228.5,299.1,195.2,251
Oct-15,137.4,76.8,99.7,111,121
Nov-15,12.8,20.9,10.1,7.4,27.2
Dec-15,0.3,18,25.1,15,0
Jan-16,0,0,0,0,0
Feb-16,0,0.2,5,14.4,26.5
Mar-16,0,0.4,3,0.8,2.1
Apr-16,2.4,4.9,1.7,2.2,6.9
May-16,39.9,55.2,43.6,21.7,20.2
Jun-16,832.7,144.8,149.8,257,325.5
Jul-16,765.6,257.6,374.7,345.3,289.4
Aug-16,851.1,185.9,139.7,306.2,374.6
Sep-16,620.1,217.5,305.1,253.1,199.2
Oct-16,204.7,136.8,115,124.1,178.4
Nov-16,86.1,69.1,40.3,37.4,20.3
Dec-16,0,0.1,0,0,0
Jan-17,0,0.1,1.7,0.9,3.6
Feb-17,18.4,20,63.5,78.5,63.7
Mar-17,1.2,4.8,10.8,20.6,26.6
Apr-17,0.3,7.7,7,11.5,10.8
May-17,17.5,15.6,17.1,48.9,44
Jun-17,807.6,174.3,176.8,234.9,296.9
Jul-17,675.1,120.6,144.6,350.1,374
Aug-17,902.5,187,259.3,200.3,475.2
Sep-17,567.7,205.2,348.7,328.5,287.8
Oct-17,408,169.5,101.2,120.9,144.1
Nov-17,32.6,33.4,37.5,1.7,0.3
Dec-17,0,0,0,0,0.7
Jan-18,0.1,5.1,0.7,2.5,14.1
Feb-18,0,0.6,0,2.9,4.5
Mar-18,3.3,2.6,0.2,3.1,1.9
Apr-18,0.1,1,0.6,0.2,10.7
May-18,345.4,90.5,121.4,83.1,48.3
Jun-18,334.1,51.7,93.5,278.3,431.2
Jul-18,424.7,68.4,65.9,168,238
Aug-18,578.1,112.4,78.6,174.5,490.9
Sep-18,123.6,55.1,89.9,55.5,122.5
Oct-18,5.8,13.3,4.7,3.4,1.7
Nov-18,52,30,9.8,16.8,4.7
Dec-18,0,7.5,20.7,13.2,8.8
Jan-19,2.5,3,11.9,55.8,98.3
Feb-19,0,0.5,0.9,37,65.2
Mar-19,0,1.2,0.3,15.9,30.1
Apr-19,0,2.7,5.1,6.3,13.5
May-19,9.6,38.2,11.2,19.9,33
Jun-19,643.6,173.5,149.7,325.6,396.5
Jul-19,1120.2,198.9,119.9,280.3,392.9
Aug-19,643.5,153.8,85.3,249.8,511.2
Sep-19,276.8,231.7,228,103.6,152.4
Oct-19,124.5,45.1,28,98,150.6
Nov-19,20.6,28.4,21.4,19.3,13.9
Dec-19,10.5,1.9,1.1,1.1,1.4
Jan-20,14,41.5,27,26.7,1.7
Feb-20,1.2,0.2,0,0.3,2.6
Mar-20,0,0.1,0.3,5.2,21.9
Apr-20,12,9.7,3.1,6.2,25.6
May-20,5.1,8,2.1,4.8,23.4
Jun-20,424.9,120.7,60.4,101.8,97
Jul-20,824,185.9,50.5,237.8,542.5
Aug-20,360.8,94.1,86.1,111.7,391.5
Sep-20,226.7,113.8,127.7,83.3,92
Oct-20,52.4,26,3.8,0.5,5.2
Nov-20,2.9,0.3,0,0,0
Dec-20,0,0,0,0,0
Jan-21,0.3,1.6,2.1,20.3,39.6
Feb-21,0,0,0,0.1,1.6
Mar-21,0.1,0.3,0,0,0
Apr-21,4.8,9,2.4,2.6,6.2
May-21,0,1.1,0,0,0
Jun-21,658.1,105.8,151,283.9,335.4
Jul-21,1102.5,291.6,174.8,293,311.4
Aug-21,611.8,125,70.2,292,401.8
Sep-21,450.4,128.7,113.4,182.3,210.9
Oct-21,57.5,47.5,41.9,11.3,12.3
Nov-21,13.7,23.7,6.6,0.2,0
Dec-21,0,0,0,0,0
Jan-22,0,18.3,54.4,33.8,21.1
Feb-22,0,2.6,1.9,2.3,1.2
Mar-22,0,0,0,0,0.5
Apr-22,6.3,16.7,2.8,3.8,12.7
May-22,13.4,27.4,19.3,5.1,9.5
Jun-22,774.3,161.7,220.3,206.1,180.2
Jul-22,1290.6,218.2,119.5,361.7,416.7
Aug-22,339.3,79.4,39.4,116.5,305.2
Sep-22,261.1,97.1,206.4,295.3,297.6
Oct-22,41.4,41.2,47.8,4.7,23.5
Nov-22,90,141.1,122.7,80.3,38.9
Dec-22,1.2,1.4,1.4,0.3,1.7
Jan-23,0,1.9,4,1,3.9
Feb-23,0.5,1.7,0.5,6.7,27.1
Mar-23,4.7,32.7,55.9,30.6,15.2
Apr-23,1.3,8.7,9.9,3.4,9.7
May-23,7.8,10.5,0.6,2.3,5.3
Jun-23,259.4,30.7,20.5,21.4,103.8
Jul-23,1643.9,290,300.4,402.9,374.6
Aug-23,480.7,126.5,72,201.1,582.3
Sep-23,363.7,169.5,300.1,260.1,194.9
Oct-23,8.3,6.4,0.2,11,61.9
Nov-23,0.1,0,0,0.1,8
Dec-23,0,2.3,0.8,0.7,0.5
Jan-24,0,2.1,3.2,21.3,32.3
Feb-24,0,0,0,0.5,11.1
Mar-24,0.1,2.8,7.7,4.4,5.9
Apr-24,0.1,19.7,8.1,6.2,9
May-24,0.4,4.6,0.2,3.2,18
Jun-24,522.5,80.3,49.2,43.8,83.5
Jul-24,932.2,173.8,130.4,308.3,310.3
Aug-24,641.7,220.6,180.7,220.6,329.5
Sep-24,324.4,185.8,200.2,217.3,330.6
Oct-24,19,49.7,59.8,126.9,79.5
Nov-24,3.8,3.6,9.8,33.6,124.5
Dec-24,0,5.3,13.4,8.1,0.1
Jan-25,0.1,0,0,0,0.2
Feb-25,0,0,0,0,0.5
Mar-25,7.4,3.1,0,7.3,0.3
Apr-25,5.2,1.5,0,5.4,10.6
May-25,121,38.9,30.1,28,88.6
Jun-25,800.9,177.7,130.3,130.3,368.8
Jul-25,655.5,152,84.3,293.9,560.4
Aug-25,501.5,115.2,173.6,307.2,476.6
Sep-25,120.4,94.7,73.4,77.4,166.8
Oct-25,74.6,33.9,38.1,21.8,45.1
Nov-25,18.6,40.7,75.1,61.5,19.1
Dec-25,0,4,0,8.4,0
Jan-26,31.8,34.3,70.4,59.5,33.2
Feb-26,0,0.6,0,5.7,10.7
Mar-26,0,0.1,0,23.7,99.7
Apr-26,0,0.2,1.5,15.1,63.3
May-26,1.5,11.2,17.6,34.4,45.3
Jun-26,306.1,85.9,85,31.8,55.3
Jul-26,1203.6,230.6,126.3,330.6,374.4
Aug-26,1149.6,258,254.1,420,555.5
Sep-26,432.9,147.7,147.6,109.9,330.5
Oct-26,39.2,8.1,0,38.7,63.4
Nov-26,1.1,8.3,11.2,1.3,0.2
Dec-26,0,2.2,1.8,0.6,3.3
Jan-27,0,0,0,0.7,11.7
Feb-27,0.2,1,3.2,10,57.9
Mar-27,0.2,0.9,10.2,12.2,24.1
Apr-27,0,4.6,7.5,2,2.3
May-27,5.5,9.3,0,2.2,15.9
Jun-27,785.6,184.9,173,280.2,193.3
Jul-27,1030.3,318.7,143.5,414.7,468.3
Aug-27,416.6,85.4,67,220.1,488.8
Sep-27,240.9,183.6,175.7,97.7,171.9
Oct-27,178.8,51.3,37.2,51.5,75.2
Nov-27,87.3,83.3,126.9,70.4,27.8
Dec-27,1.6,2,0.4,5.7,0
Jan-28,0,0.1,0,0.2,6.8
Feb-28,1.3,10.3,28.3,43.1,11.3
Mar-28,0.2,3.7,9.5,5.9,8.8
Apr-28,3.1,8,2,0.2,13.6
May-28,1.1,0.3,0,2.2,16.7
Jun-28,657,143.3,160.5,177.8,210.1
Jul-28,1159.4,217.7,141.7,296.2,384.4
Aug-28,939.9,159.6,135,185.2,272.7
Sep-28,264.5,209,288.1,180.1,192.5
Oct-28,137.9,62.5,58.8,108.5,97.8
Nov-28,7.7,3.1,0,0.1,0
Dec-28,0.4,14.1,1.7,17.8,4.4
Jan-29,1,1,0,3.8,23.1
Feb-29,0,6.4,31.6,52.6,28.9
Mar-29,3.2,2,0.9,0.7,1.2
Apr-29,14.9,37.1,21.6,11.8,14.4
May-29,6.2,6.4,1.7,0.7,5.6
Jun-29,773.8,155.9,165.8,170.9,216.2
Jul-29,767.6,168.2,104.7,263.5,597.9
Aug-29,516,73.7,48.2,157.4,461.1
Sep-29,250.9,151.6,179,193.1,179.2
Oct-29,152.4,82.5,51.7,28.2,94.3
Nov-29,11.2,3.4,0,0,0
Dec-29,12.1,2.2,4.2,29.8,41.9
Jan-30,0,0,0,0,0
Feb-30,0.2,0,1,5.3,4
Mar-30,0.1,0.7,1.7,1.2,13.5
Apr-30,0.3,3.2,13,27.4,43.3
May-30,12.5,29.8,4.1,4.4,7.9
Jun-30,1024.9,178.1,132.2,181.3,190.9
Jul-30,690.5,233.7,49.6,252.9,517.4
Aug-30,427.3,106.5,75.7,194.4,285
Sep-30,542.6,247,281,233.2,185.3
Oct-30,136.2,87.4,64.6,44.8,37.3
Nov-30,10.6,37.7,17.1,36.3,93.9
Dec-30,0.6,5,0.3,1.9,5.1
Jan-31,0,0,0,4,8.4
Feb-31,0,0,0,4.6,64.4
Mar-31,0.1,0.6,3.8,11.6,14.5
Apr-31,1.7,14,4.4,5.6,10.6
May-31,1.8,2.9,7.7,3.1,14.6
Jun-31,344.9,109.7,134.5,103.3,104.6
Jul-31,1867.2,316.3,295.1,380.6,359.1
Aug-31,944.9,233.5,142.8,390.7,510.8
Sep-31,307.1,178.9,242.1,232.9,169.3
Oct-31,458.9,180.9,175.1,225.1,156.3
Nov-31,51.5,70.2,70.1,40.2,54.1
Dec-31,21.2,25.3,13.1,2.4,0.2
Jan-32,0.5,0,0,0,0
Feb-32,0,0.5,2.5,27.4,22.9
Mar-32,0,8.6,7.7,12.9,3.7
Apr-32,2.9,22.3,7.7,3.4,9.5
May-32,45.9,27.3,20.1,10.3,18.8
Jun-32,435.3,67.3,111.5,154.2,109.6
Jul-32,1248.1,351.7,276.6,526.6,525.2
Aug-32,485.6,221.3,161.3,176.7,300.9
Sep-32,456.2,162.8,161.6,183.8,272.6
Oct-32,259.1,148.4,54.6,25.6,56.4
Nov-32,21.1,30.8,34.3,9.7,37.6
Dec-32,8.2,4,6.3,0,0.2
Jan-33,0,1.4,9.1,4.8,31.6
Feb-33,0.1,0.5,7.6,38.3,75.9
Mar-33,1.6,3.4,10.1,9.1,14.9
Apr-33,15.3,8.5,13.5,20.5,21.9
May-33,129.2,76.5,66.7,64.6,97.3
Jun-33,816.5,182.3,206.6,244.6,310.7
Jul-33,909,194.7,214.7,353.7,388.9
Aug-33,758.6,259.4,180.4,365.4,368.3
Sep-33,485.8,286.1,340.8,301.7,286.5
Oct-33,179.7,93.3,30.7,75.1,41.4
Nov-33,19.2,24,17.5,8.4,7.9
Dec-33,28.4,22.3,25.2,16,5.5
Jan-34,0.7,3.7,6,2.2,1.8
Feb-34,0,0,0,0,0
Mar-34,0.3,1.9,0,0.3,1.5
Apr-34,2.7,7.3,11.9,8.5,11.5
May-34,0.7,8,1.3,0.3,0
Jun-34,1060.2,138.2,95.8,169.1,263.1
Jul-34,893,217,248.6,335.1,412
Aug-34,870.7,222.3,256.8,390.9,483.4
Sep-34,329.7,136.8,159.9,254.4,305.3
Oct-34,60.3,41.2,16.8,10.8,37
Nov-34,53.5,82,79.5,46.6,12.3
Dec-34,0.5,0,0,0.1,1.1
Jan-35,0.2,2.5,7.2,14.5,12.2
Feb-35,0.1,0,0.5,4.6,17.9
Mar-35,0,0,0,0.7,5.1
Apr-35,0,3.7,14,26,33.4
May-35,0,1.4,0.4,1,4.1
Jun-35,700.3,149.6,191.1,151.8,132.2
Jul-35,879.9,208.6,197.4,528.1,562.1
Aug-35,466.5,195.5,196.6,164.8,247.2
Sep-35,419.7,126.7,223.5,250.4,247.6
Oct-35,64.3,119.4,84.1,13.4,3.8
Nov-35,11,7.7,5.8,0.4,0
Dec-35,0.6,3.9,1.4,2.3,3.6
Jan-36,0,1.3,0,17.6,31.9
Feb-36,0,6.2,26.6,60.3,44.7
Mar-36,0.1,4.3,7.8,21.6,14.6
Apr-36,0.3,3.8,10.7,4.8,4.3
May-36,23.2,21.1,33.3,30.5,46.6
Jun-36,993.2,169.2,137.5,377.5,413.1
Jul-36,712.9,113.9,92.2,285.3,463.8
Aug-36,534.9,106.3,119.3,308.3,434.5
Sep-36,376.2,161.5,145.1,188.8,258
Oct-36,62.1,17.2,9.1,61.9,90.4
Nov-36,79.1,130.4,139.9,90.9,18.2
Dec-36,1.3,0.3,6.2,3.5,6.1
Jan-37,0,0,0,0,0
Feb-37,4,2,13.2,33.1,66.2
Mar-37,0.1,2,11.3,42.4,21.5
Apr-37,53.5,47.7,43.8,112.7,76.3
May-37,2.4,4.7,1.1,1.5,19.2
Jun-37,826.9,146.7,75.8,135.6,222.6
Jul-37,1492.9,319.4,277.3,476.2,501
Aug-37,270.1,63.6,35.8,177.2,391.9
Sep-37,378.1,219.9,152.8,226,237
Oct-37,159.2,96.1,106.4,105.7,79.8
Nov-37,4,1.3,0.3,0.4,1
Dec-37,0.7,11,20.5,8.4,0.2
Jan-38,0,0.6,0,4,18.4
Feb-38,0.4,1,8.8,12.4,25.1
Mar-38,4,23.5,17.7,9.7,5.4
Apr-38,2.1,12.2,15.6,6.5,8.2
May-38,55.2,50.4,27.3,26.2,48.8
Jun-38,1118.1,239.9,253.3,354,269.2
Jul-38,908.2,286.6,260.1,425.6,386.8
Aug-38,634.8,169.4,146.5,314.1,343.5
Sep-38,345.6,191.5,256.1,181.6,266.7
Oct-38,400,141.3,86.8,126.8,126.6
Nov-38,27,7.6,0.2,0,7
Dec-38,0.1,2.3,0.3,0,0.1
Jan-39,0.2,0.2,0.2,1.3,6.5
Feb-39,0,0.2,0,1.9,22.8
Mar-39,0.4,4.1,3.7,34.2,53.2
Apr-39,5.8,6.3,9.1,12.2,19.9
May-39,0.1,1.1,0.2,0.1,1.1
Jun-39,509.6,127.6,98.2,116.1,188.6
Jul-39,1116.8,303.9,163.6,224.2,427.5
Aug-39,817.1,219.9,188.6,385.4,478.6
Sep-39,227.9,88.5,73.8,66.5,198.3
Oct-39,58,41.8,25.3,33.5,79.3
Nov-39,22.7,27.3,16.5,6,4.6
Dec-39,0,0.8,1,0.4,0
Jan-40,4.8,1.3,0,0,0.2
Feb-40,6.1,1.8,0.4,9.3,23
Mar-40,2.8,0.5,0,1.3,31.1
Apr-40,1.9,16.5,11.2,12.8,26.4
May-40,7.9,15.8,13.4,11.5,41.5
Jun-40,668.3,191.3,178.8,262.7,218.6
Jul-40,1105.9,215.9,176.9,591,542.9
Aug-40,987.1,188.7,239.5,298.6,395.6
Sep-40,328.9,132,139,53.6,72.8
Oct-40,172.7,95.2,63.1,79,67.2
Nov-40,26.7,30.1,31.5,24.3,4.9
Dec-40,0.6,4.2,1.8,13.4,24.3
Jan-41,17.1,28.2,9.4,9.6,20.8
Feb-41,0.2,8,9.3,15.2,13.8
Mar-41,0.1,1.8,1.1,13.5,18.4
Apr-41,1,5.4,0.5,3.1,3.3
May-41,5.1,4.2,0,4.8,27.1
Jun-41,602.7,96.1,50.2,142.3,240.8
Jul-41,718,338.6,114.9,338.8,218.6
Aug-41,282,103.7,150.4,182.4,238.7
Sep-41,194.6,143.3,190.6,112.8,146
Oct-41,61.4,44.5,14.5,6.5,70.9
Nov-41,0.2,0.1,0,0,6.5
Dec-41,7.3,0.4,0,0,0.2
Jan-42,0,0.2,0,2.4,13.1
Feb-42,0,2.5,24.3,84.9,48.2
Mar-42,0,0.2,0,0,7.5
Apr-42,3.3,6.7,6.6,12.9,18.7
May-42,2.6,10,3.9,1.9,17.7
Jun-42,987.6,213.3,221,179.4,164.1
Jul-42,1386.3,364.7,227.2,508.3,540.7
Aug-42,536.7,191.6,311.4,366.5,470.7
Sep-42,312,93.8,124.9,159.2,289.6
Oct-42,37.1,20,11.1,4.9,23.9
Nov-42,1.4,1.3,0,0,1.6
Dec-42,12.4,36.9,72.6,21.2,2.3
Jan-43,3.6,4.1,7.1,55,99.5
Feb-43,0,0,0.1,0.1,5.1
Mar-43,0.1,1.5,1.5,0.4,1
Apr-43,0,3.5,0.2,7.2,19.5
May-43,200,63.4,47.6,28.3,32.1
Jun-43,788,150.5,187.4,141.9,214.2
Jul-43,1313.1,316.4,105.8,275.1,459.7
Aug-43,281.8,80.9,62.3,149.2,386.5
Sep-43,468.4,166.2,282.9,277.5,373.6
Oct-43,168.4,196,156.5,83.4,52.8
Nov-43,27.8,10.6,1,0.1,1
Dec-43,0,0,0,0,0
Jan-44,0.1,0.8,0.4,4.5,24.4
Feb-44,0,0.7,12.2,59.4,78.3
Mar-44,0.7,10.3,32.6,64.8,102.9
Apr-44,0,0.1,0,1.6,25
May-44,17.5,21.4,5.2,2.7,11.1
Jun-44,542.5,132.2,85.1,96.6,101.3
Jul-44,1456,421.7,230.7,470.4,611.7
Aug-44,658.6,227.8,116,370.6,439.8
Sep-44,85.7,142.1,167,213.2,247.7
Oct-44,177,115.3,94.5,67.4,142.8
Nov-44,14.1,13.6,15.2,16.5,7.5
Dec-44,0,0,0,0,0.1
Jan-45,8.8,4.2,1.8,13.8,30.1
Feb-45,0,0,0,0.4,7.6
Mar-45,0,0,0,0,0
Apr-45,0.9,9.8,5,24.6,58.6
May-45,1.1,5.2,0.3,3.3,7
Jun-45,733.2,125.6,129.6,147,200.7
Jul-45,1394.2,263.7,140.2,404.7,428.5
Aug-45,709.4,209,154.4,299.6,397.2
Sep-45,348.4,132.4,161.9,274.2,376.6
Oct-45,44.9,37.1,27.7,30.3,71.9
Nov-45,3.6,6.3,1.3,0.6,6.4
Dec-45,0,0,0,1.1,0.9
Jan-46,0,0,0,0,0
Feb-46,0,2.9,9.7,14.2,11
Mar-46,0,0,1.9,0.7,2.3
Apr-46,14.4,22,21.3,15.5,35.3
May-46,30,34.3,16.3,9.7,25.3
Jun-46,787.9,138.4,165.6,237,307.9
Jul-46,1085.7,288.5,212.4,376.9,419.9
Aug-46,878.9,255.9,114.5,292.4,522.5
Sep-46,334,170.3,180.1,107.4,181.6
Oct-46,47.3,23.1,6.8,8.6,63.9
Nov-46,170.4,152.8,98.2,97.6,29
Dec-46,10.4,15.4,21.9,13,0.4
Jan-47,4.9,18.7,28,35,31
Feb-47,0,1.4,22,26.7,29.9
Mar-47,5.8,4.4,7.7,23.7,12
Apr-47,67.3,31,11.5,7.8,6.7
May-47,7.5,19.6,2,5.3,9.7
Jun-47,398.3,63,65.7,112.1,140.1
Jul-47,1133.9,230.6,164.5,406,510.6
Aug-47,919.2,272.8,276,345.8,476.4
Sep-47,497.5,216.2,253.3,167.8,283.2
Oct-47,50.8,23,13.6,25.9,80
Nov-47,2,10.3,2.1,0.3,4.5
Dec-47,2.9,14.6,8.6,11.8,15.6
Jan-48,10.5,16.9,7.9,48.9,31
Feb-48,0,0.7,2.2,9.4,8
Mar-48,0.2,4.3,4.1,7,14.2
Apr-48,2.3,7.6,3.3,3.9,21.5
May-48,7.2,8.9,1.9,4.5,11.6
Jun-48,599.3,191,179.4,125.1,216
Jul-48,1080.4,239.6,218.7,374.1,390.1
Aug-48,797.3,181.4,110.1,267.8,423.7
Sep-48,376.6,162,221.6,201.1,246.9
Oct-48,77.7,66.6,21.1,14.4,42.3
Nov-48,168.1,137.1,176.1,126.5,86.4
Dec-48,0,0.1,0,0,0
Jan-49,0.2,0,2.9,1.2,1.2
Feb-49,0,0,0.5,1.5,7.6
Mar-49,0.1,2,0.1,1,4
Apr-49,1.3,4.8,0.7,5.6,9.9
May-49,128.9,58.4,35.2,28.8,61.5
Jun-49,442.2,102,188.9,222.7,181.7
Jul-49,1147.3,201.3,189.5,412.9,381
Aug-49,594.7,174,89.8,266.2,412.3
Sep-49,782.3,323.1,369.1,323.5,280.3
Oct-49,108.3,82.2,32.3,134.8,159.8
Nov-49,8.4,5.7,5.2,0,0
Dec-49,0,0,0,0.1,0.2
Jan-50,0,0,0,0.1,0.4
Feb-50,0,0.2,11.9,27.3,40.1
Mar-50,0.2,1.5,4.1,14.9,50.9
Apr-50,0.2,5.9,0.4,0.7,1.3
May-50,21.3,23.2,7.1,5.6,10
Jun-50,364.1,59.5,67.6,84.6,172.4
Jul-50,1336.1,400.2,141.1,375,457.2
Aug-50,302.6,102.9,113.9,143.7,374.7
Sep-50,777.5,248.8,271,116.3,148.9
Oct-50,119.1,87.3,38.8,13.3,16.7
Nov-50,8.1,2.2,0,0.3,19.6
Dec-50,0,0.8,1.6,11.9,0
Jan-51,0,0.1,0.4,4.6,4.5
Feb-51,0,0,0,0.6,2.8
Mar-51,2.5,0.5,6.2,41.9,102.3
Apr-51,9.8,9.3,10.6,14.6,59.8
May-51,22.7,29.5,11.2,11.1,34.5
Jun-51,730.4,150.1,159.5,136.8,145.1
Jul-51,1114.7,250.2,271,348.8,338.4
Aug-51,507.6,136.3,101.3,318.6,459.4
Sep-51,129,71.7,89.3,123.1,166.5
Oct-51,296.3,128.9,78.4,81.5,96.8
Nov-51,36.3,20.1,3.5,0.6,1.5
Dec-51,0,0,0,0,0
Jan-52,0,0,0.2,0,1.2
Feb-52,0,1.9,18.8,10.6,20
Mar-52,0,0,0,4.2,18.8
Apr-52,2.8,8.9,3.3,10.8,18.2
May-52,23.5,18.9,21.7,2.5,23.4
Jun-52,729.4,131.2,95.4,98,120.8
Jul-52,1013.1,268.8,144.6,235.1,439.4
Aug-52,512.3,139.1,87.2,266.5,385.8
Sep-52,87.5,57.1,136.1,146,304
Oct-52,151.5,56.7,36.4,33.6,62.8
Nov-52,0,0,0,0,0
Dec-52,1.8,0.8,2.3,0.5,2
Jan-53,0,1.2,0.3,3.9,24.3
Feb-53,0,0,0,1.1,5.1
Mar-53,0,0.1,0.3,0,0.1
Apr-53,15.4,24.5,15.2,21.4,22.7
May-53,0,2,0.4,0.2,5.8
Jun-53,910.3,186.3,200.4,138.2,140.8
Jul-53,1321.9,216.5,217.9,299.4,421.3
Aug-53,713.3,220.2,160.6,449.9,483.6
Sep-53,210.5,126.8,208,173,209.1
Oct-53,156.1,116.1,88.1,50.7,55
Nov-53,0.2,0,0,0,2.4
Dec-53,0,0,0,0,0
Jan-54,0,2,0.4,0.3,2.7
Feb-54,2.4,0.4,0,0.6,2.2
Mar-54,3.5,16,15.5,11.4,4.4
Apr-54,7.2,6,5.6,4,11.7
May-54,3.9,15.8,5.2,1.1,6.5
Jun-54,581.5,158.5,181,132.4,114.9
Jul-54,1470.8,305.3,276,407.9,314
Aug-54,912.8,171.7,138.8,248.8,358.1
Sep-54,750.7,263,255.6,288.3,361.4
Oct-54,48.9,30.1,11.9,4.6,12.5
Nov-54,0.1,0,0,0.9,0
Dec-54,8.6,16.2,9.7,0.1,5.4
Jan-55,0.2,3.2,6.5,15.5,15.1
Feb-55,0,0,0,0.3,1.2
Mar-55,2.2,6.8,2.4,2.3,3.2
Apr-55,11.6,12.2,3.4,6.8,13.5
May-55,34.2,25.8,12.2,5,23.3
Jun-55,779.2,140.9,229.8,274.7,242.1
Jul-55,995.9,149.6,213.2,278.4,283.1
Aug-55,1299.8,254.3,364.7,371.8,406
Sep-55,463,218.9,208.6,244.6,276.6
Oct-55,297.1,159,109.3,169.1,174.2
Nov-55,14.2,10.4,1.2,0.2,2.4
Dec-55,0,0,0,0,0
Jan-56,0,1.5,1.2,1.3,2.2
Feb-56,0.3,0.2,1.9,1.9,13.9
Mar-56,0,1.1,0.1,0.8,7.1
Apr-56,5.8,11.3,4.1,0.5,3
May-56,176.4,91.2,78.4,52.8,68.4
Jun-56,780.2,111,154.1,248.7,278
Jul-56,1325.8,360.5,310,370.5,468.5
Aug-56,700.8,252,134.6,163.4,404.3
Sep-56,433.4,165.8,202.5,198,227.3
Oct-56,195,148,70.7,40.1,69.6
Nov-56,46,90.1,79.7,37.3,10.7
Dec-56,0,1.1,0,9.3,4
Jan-57,0,0.1,1.5,8.6,14.8
Feb-57,0,0,2.1,2.5,10.4
Mar-57,0,4.8,13.9,44.4,48.7
Apr-57,1.7,20.9,14.5,31.6,17
May-57,30.6,36.9,30,15.5,16.2
Jun-57,593.8,177.8,126.9,148.5,114.8
Jul-57,1175,196.4,255.1,303.8,449.7
Aug-57,1051.7,202.2,294.6,354.2,416.7
Sep-57,130.6,98.7,104.7,133.4,105.8
Oct-57,86.6,85.1,53.7,27.5,28.3
Nov-57,52.9,26.8,3.6,1,0
Dec-57,0.6,0.1,0,0,0
Jan-58,0.2,1.6,0.1,5.7,9.5
Feb-58,0.1,0,0,2,38.8
Mar-58,0.2,5.4,4.4,20.4,21.6
Apr-58,9,23.6,25.2,10.5,17.1
May-58,34.8,32.9,12.7,10.4,19.2
Jun-58,1044.5,101.9,92.2,102.7,101.2
Jul-58,1280.2,393.3,264.4,341.5,509.4
Aug-58,1177.9,296.6,456.1,354,376
Sep-58,383.7,112.1,79.8,220.3,265.8
Oct-58,54.8,57.4,41.2,68,133
Nov-58,14.7,29.2,48.3,36.5,29.3
Dec-58,0.2,0.1,0,0.1,0
Jan-59,0,2.4,1.5,13.6,32
Feb-59,0,0,0,1.2,3.3
Mar-59,0,0,0.1,0.4,0.2
Apr-59,6,16.8,9.5,11.8,3.6
May-59,36.2,39.3,13.2,6.2,15.5
Jun-59,750.1,174.7,173.6,178,180.4
Jul-59,1357.1,344.3,188.3,467.9,408.9
Aug-59,690.9,199,200,377.3,473.1
Sep-59,521.8,202.7,246.3,469.9,357.9
Oct-59,201.4,84.7,99.8,79.4,69
Nov-59,24.8,54.9,17,0.5,0.1
Dec-59,0.3,0.1,1,0.1,0.3
Jan-60,0,3.6,3.6,38.8,18
Feb-60,0,0,0,0,0.7
Mar-60,0,3,18.1,41,44.4
Apr-60,1.1,5.1,1,6.7,10.2
May-60,81,61.3,49.2,8.2,11.2
Jun-60,920.1,146.4,163.6,195.2,168.6
Jul-60,1140.9,235,136.6,378.5,412.1
Aug-60,501.8,138,66.8,199.9,441.5
Sep-60,285.1,229,206.8,114.8,145.4
Oct-60,82,44.9,78.5,78.5,111.9
Nov-60,15.3,18.8,14,1.1,0.4
Dec-60,0.5,0.8,0.1,2.4,0
Jan-61,0,0.3,0.9,1.1,2.5
Feb-61,5.2,0.1,0.1,5.7,44.1
Mar-61,0,0.5,5.6,4.5,5
Apr-61,2.3,9.8,6.7,5.3,10.9
May-61,182.2,104.2,35.7,21.4,16.1
Jun-61,738,163.5,170.8,152.7,377.4
Jul-61,1543.3,411.9,253.7,372.6,533.2
Aug-61,712.6,135,143.4,401.6,467.6
Sep-61,486.1,104.8,97,326.2,401.2
Oct-61,248.9,128,238.1,143.3,102.8
Nov-61,2.4,10,5.2,2.9,5.8
Dec-61,0,2.5,1.8,3.4,7.3
Jan-62,0.2,0.2,0.6,5.6,3.8
Feb-62,0,0.1,2.8,4.6,15.8
Mar-62,0.1,6.7,2.7,18.4,10.4
Apr-62,0.7,12.9,37.8,33.1,23.8
May-62,129.5,57.2,43.4,21.7,28
Jun-62,435.5,46.8,67.3,67.1,130.5
Jul-62,1355.1,287.5,164.7,364.3,371.6
Aug-62,880.4,164,192.2,267.3,276.1
Sep-62,525.9,199.9,304.7,267.2,210
Oct-62,48.8,51.9,41.4,8.3,26.3
Nov-62,12.8,23,33.5,30.5,2
Dec-62,96.2,48.8,54.6,64.5,26.4
Jan-63,0,0.8,0,0.3,0.4
Feb-63,0.1,4.3,6.2,10.5,5.4
Mar-63,0.1,14,15.5,12.9,8.9
Apr-63,1.1,12,7,14.8,44.8
May-63,7.6,23.3,13.5,19.5,28.2
Jun-63,594.5,138.6,228.4,204,160.8
Jul-63,1178.8,252.3,172.2,282.1,349.4
Aug-63,1414.7,268.7,380.4,397.9,387.7
Sep-63,306.3,72.7,82.8,123.9,258.8
Oct-63,91.9,93.5,92.4,80.1,91.2
Nov-63,11.7,19.1,2.7,1.7,1.2
Dec-63,0,0.6,0,0,0.3
Jan-64,0,0,0,0,1
Feb-64,0,0,0.2,2,21.9
Mar-64,0,4.1,5.1,3,3.9
Apr-64,0.9,6.2,1.5,1.3,6.5
May-64,5.2,7,1.3,0.6,4.5
Jun-64,690.3,139.8,120.3,166,269.2
Jul-64,908.3,238.9,246.5,259.5,371.6
Aug-64,1031.8,242.3,150.7,357.9,515.3
Sep-64,378.9,223.1,219.9,176.8,201.8
Oct-64,158,60,20.1,40.8,109.1
Nov-64,18.9,23.3,15,2.3,4.1
Dec-64,0.4,0.9,0,0.6,0
Jan-65,3.4,5.8,5.4,18.7,5.8
Feb-65,0,0.2,1.5,4.9,4.5
Mar-65,0,0.3,0,4.9,22.3
Apr-65,5.7,10.2,9.5,15.5,14.4
May-65,0.1,12.3,0.8,1.6,8.4
Jun-65,817.6,82.9,129.3,113.6,111.1
Jul-65,1393.7,380.7,218.7,262,310
Aug-65,608.8,200.3,180,181,208.3
Sep-65,147.5,54.8,69.4,139.6,251.8
Oct-65,8.9,10,5.9,1.3,4.9
Nov-65,2.2,4.6,0.4,0,0
Dec-65,83.7,28.5,10.4,0.5,0
Jan-66,0,1.9,18.9,16.1,20.9
Feb-66,0,0.5,0,1.1,0
Mar-66,0,1.4,10.4,10.5,2.2
Apr-66,0.2,2.1,10.5,7.9,16.3
May-66,64.7,81.5,45.8,30.7,19
Jun-66,370,83.8,63.1,84.8,267.8
Jul-66,1168.8,315,228.6,387.5,294
Aug-66,224.1,94,85.9,206.5,253.4
Sep-66,443.5,149,191.6,191.4,154.6
Oct-66,43.9,14.5,13,4.6,25.1
Nov-66,111.3,82.6,65.9,34.9,12.8
Dec-66,1.1,11.2,13.5,26.8,20.9
Jan-67,0,0,0,0.5,1.7
Feb-67,0,0.1,0,0,0
Mar-67,7.7,4.7,4,50,96.8
Apr-67,0.8,13.3,1,7.4,15.5
May-67,7.5,7.8,5.9,1.6,12.2
Jun-67,768.9,130.4,146,184.6,184.3
Jul-67,1109.2,367.4,224,406.8,397.9
Aug-67,416.9,139,104.1,244.8,508.3
Sep-67,317.1,146.7,136,101.6,188.5
Oct-67,109.6,43.1,26.4,8,9.2
Nov-67,0.7,2.1,0,1.1,0.4
Dec-67,14,58.6,112.4,121.8,57.6
Jan-68,0,1.6,5.8,14.6,25.6
Feb-68,0.3,3.6,23.8,23.9,26.1
Mar-68,0.1,9.4,32.2,36.6,16.3
Apr-68,6,11.2,11.3,15.4,19.5
May-68,1.5,2.5,0.7,0.7,4.5
Jun-68,556.9,95.4,94.2,104.8,176.2
Jul-68,1134.7,238.9,219,291.4,354.9
Aug-68,318.7,213.3,63.6,210.5,269.9
Sep-68,202.1,172.1,210.6,193,210.7
Oct-68,130.4,60.6,24.5,23,59.7
Nov-68,8.6,15.1,26.3,4.7,0.7
Dec-68,0,0.3,0.3,4.3,3.9
Jan-69,0,0.2,0,1.5,6
Feb-69,0,0,0,0,1.6
Mar-69,0,1.4,0.2,0.6,0.6
Apr-69,1.1,5.8,0.1,4,18.7
May-69,2.4,4,2.7,9.6,46.2
Jun-69,666.5,140.1,120.8,98.6,121.8
Jul-69,1282.2,307.1,222.6,371,442.4
Aug-69,527.1,248.3,148.3,200,291.4
Sep-69,586,234,277.1,281.5,211.4
Oct-69,37.9,20.1,14.7,5.4,18.5
Nov-69,23.2,22.3,38.1,19.4,6
Dec-69,0.9,0.9,0,1.3,7.9
Jan-70,0,1,8.4,15.9,12.1
Feb-70,0,0,0,1,11.9
Mar-70,0,0.6,2.8,18.3,44.9
Apr-70,1.5,17.9,7.5,4.2,18.9
May-70,74.5,39.1,30.2,17.5,23.2
Jun-70,963.3,195.4,215.1,304.1,237.9
Jul-70,993.8,200.1,103.9,211,453.2
Aug-70,1164.8,254.9,344.9,435.6,443.1
Sep-70,312.7,161.3,178.1,223.3,236.4
Oct-70,85.8,70.9,19.9,9.6,19.9
Nov-70,0,0,0,0,0
Dec-70,0.2,0,0,0,0
Jan-71,0,0,0.2,3.7,20.3
Feb-71,0,0,0.1,12.8,24.8
Mar-71,0,0.1,1.3,21.2,11.6
Apr-71,0.3,3.8,0.1,12.4,48.8
May-71,85.1,43.3,38.8,26.7,68.6
Jun-71,1011.9,155.6,83.2,193.6,384.1
Jul-71,650.8,124.9,24.3,124.3,354.6
Aug-71,602,204,220,259.2,398.8
Sep-71,362.6,185.6,131.5,119.5,127.9
Oct-71,40.4,56,108.4,108.9,89.6
Nov-71,0.9,0,0,0,4.7
Dec-71,0,0,0,0,0
Jan-72,0,0,0,0,0.1
Feb-72,0.1,0.2,0,1.1,19.2
Mar-72,0,0,0,0,1.2
Apr-72,0.6,4,0.1,3.8,15.2
May-72,10.7,13.8,3,3.4,6.2
Jun-72,662,90.4,115.1,139.8,123.9
Jul-72,731.6,195.1,41.9,197.7,319.4
Aug-72,293.9,99.3,85.3,280.8,392
Sep-72,138.8,88.1,65.3,60.7,232.4
Oct-72,8.5,7.3,4.2,20.9,49.2
Nov-72,26.8,21.6,28.4,28.5,36.3
Dec-72,0,0.1,3.8,4.2,3.9
Jan-73,0,0,0,1.7,3.8
Feb-73,0.4,3,0.7,5,10
Mar-73,0,1.8,0,0.3,2.6
Apr-73,0,3.2,3.8,2.3,3.1
May-73,3.1,10.1,0.6,1.5,6.9
Jun-73,455.9,124.7,112.3,75.1,97.9
Jul-73,922.1,312,203.1,428.5,429.3
Aug-73,910.6,243.9,334.9,346.4,401.9
Sep-73,437.4,172.8,115.6,136.4,286.5
Oct-73,103.6,104.8,99.3,163.4,223.3
Nov-73,2.9,3.9,1,1.4,2
Dec-73,0.2,0.4,0,0.5,0
Jan-74,0.7,0,0,0,0
Feb-74,0,0.1,0.4,4.8,6.6
Mar-74,0,2.5,0.4,1.2,2.5
Apr-74,6.8,14.6,2.9,0.5,1.5
May-74,73.9,60.9,36,12.6,9.2
Jun-74,508.2,77.5,98.4,93.2,115.6
Jul-74,1133,217.9,100.7,211,253.4
Aug-74,774.4,184.7,123.2,281.4,353.3
Sep-74,351.1,201.5,154.4,68.1,100.4
Oct-74,238.6,152,134.1,162.6,97.3
Nov-74,0,0.1,0,5.4,11.3
Dec-74,0,0,0,0,0
Jan-75,0,0.4,2.1,3.5,9.7
Feb-75,0.1,1.1,8.3,22.4,7.4
Mar-75,0,0.1,7.3,7,11.3
Apr-75,1,1,0,1.1,3.7
May-75,13.6,15.4,11.3,6.4,8.7
Jun-75,856.9,165.6,117.2,264.3,202.5
Jul-75,1027,228,249,321.3,403.3
Aug-75,848,223.2,231.7,316,421.3
Sep-75,556,242.8,309.9,288.9,265.7
Oct-75,192.7,158.3,113.9,92.8,140.8
Nov-75,20.2,4.8,0.1,0.3,0.9
Dec-75,0,0,0,0,0
Jan-76,0,0.1,0,2.1,0.4
Feb-76,0,0,0.2,0.1,4.1
Mar-76,1.6,6,3.2,4.7,1.1
Apr-76,0.4,3.4,7.4,11.5,15.9
May-76,4.5,3.3,2.9,4.6,12.6
Jun-76,635.1,283.6,92.1,90.8,100
Jul-76,1279.2,315.6,213,386,569
Aug-76,690.1,240.8,195.6,260.7,492.1
Sep-76,360.7,87.7,63,174.7,174.5
Oct-76,20.3,14.3,3.8,0.9,2.8
Nov-76,71,68.9,39.4,38.5,6.7
Dec-76,0,2.2,2.4,0.2,0.2
Jan-77,0,0,0,0,4.1
Feb-77,0,0.1,1.5,2.1,4.9
Mar-77,0.8,7.1,6,3.7,2.2
Apr-77,1.3,9.9,4.6,8.9,19
May-77,10.3,31.3,5.4,15,33.7
Jun-77,583,209,126,169.7,242.4
Jul-77,1384.6,262.5,155.4,283.9,509.3
Aug-77,580.5,150.4,149.3,340.8,386.3
Sep-77,386.9,94.6,116.8,131.7,196.5
Oct-77,77,64.4,66.4,37.8,19.9
Nov-77,78.8,112.1,129.9,71.2,40.9
Dec-77,0.2,5.7,6.5,3.2,6.1
Jan-78,0,0.7,5.7,13.3,4.1
Feb-78,0,10.8,18.8,24.4,13.7
Mar-78,0,4.6,9.6,18.6,18.9
Apr-78,8.3,22.2,12,10.1,12.8
May-78,86.6,33.1,19.1,1.9,3.7
Jun-78,946.2,174.2,212.4,228,257
Jul-78,907.2,179.6,215,399.3,377.7
Aug-78,575.4,211.8,105.3,430,470.8
Sep-78,243,124.1,80.6,46.2,176
Oct-78,67.2,57,70.5,16.4,11.5
Nov-78,48.8,63.5,34.6,20.7,11.9
Dec-78,2.8,2.1,1.2,40.5,12.2
Jan-79,0,3.5,3.4,30.4,20.7
Feb-79,0.7,1.8,11.8,59.7,24.7
Mar-79,0.1,5.3,5.6,1.7,0.6
Apr-79,0,1,1.4,0.5,4.4
May-79,0.3,7.1,18.1,12.9,4.4
Jun-79,653.1,129.7,125.5,245.6,176.3
Jul-79,797.2,194.5,163.1,218.2,209.8
Aug-79,687.2,299,132.9,323.2,267.2
Sep-79,266.5,249.9,236.5,143.3,155.5
Oct-79,26.8,46,17.7,6.3,26.1
Nov-79,77.3,88.4,90.6,34.9,11.3
Dec-79,0,0.5,0.8,10.6,3.6
Jan-80,0,0,0.1,15.3,5.3
Feb-80,0,0,0,3.2,2.3
Mar-80,0,1.5,4.7,1,7.9
Apr-80,3.5,16.1,4.6,2.9,7.2
May-80,2.9,8.6,2.3,0.5,15.5
Jun-80,877.7,279.2,223,253.6,273
Jul-80,749.9,197.4,114.4,246.3,426.6
Aug-80,851.8,286.6,325.1,361.8,362.2
Sep-80,166.4,89.2,113.6,131.4,369.4
Oct-80,20.7,14.7,1.1,2,21.4
Nov-80,26.1,29.8,3.6,0.4,0
Dec-80,25.2,16.4,20.3,24.1,4.6
Jan-81,0.6,10.5,27.3,20.2,20.7
Feb-81,0,0,0.7,0.9,1.6
Mar-81,0,3.7,11,25.4,20.7
Apr-81,0.1,6.8,1.6,3.6,4
May-81,4.2,7.7,12.7,12.6,15.6
Jun-81,773.9,135.9,100.5,173.1,127.5
Jul-81,1073,248.9,122.3,302.5,356.2
Aug-81,708.6,188.6,127.3,352.6,409.1
Sep-81,480.6,253.7,285.1,294.5,237.2
Oct-81,59.1,56.8,68.7,17.6,20.7
Nov-81,24.5,11,11.2,1.8,0.9
Dec-81,0.1,6.2,18.3,13.8,2.2
Jan-82,0,2.1,10,45.7,27.2
Feb-82,0,0.2,0.6,10.6,18.9
Mar-82,0,0.2,5.1,6,22.5
Apr-82,0,6.3,7.8,5.2,11.5
May-82,14.5,33.8,15.9,15.3,25
Jun-82,558.4,114.6,99.6,100.6,133.5
Jul-82,987.1,187.7,170.1,256.4,251.8
Aug-82,810.8,186.6,84.8,206.8,501.1
Sep-82,216.3,119.5,172,144.2,119.1
Oct-82,42.1,55.2,43.6,49.2,75.2
Nov-82,69.6,45.8,27,16.1,10.9
Dec-82,0,0,0,0,0.6
Jan-83,0,0.1,0,1.6,0.3
Feb-83,0,1.4,0,7.4,24.9
Mar-83,0,0,0.3,1.9,1.5
Apr-83,0.3,0,0.3,1.5,20.4
May-83,0.4,2.8,6,6.7,28.4
Jun-83,655.3,125.3,96.8,156.4,155.7
Jul-83,1073.2,218.1,231.9,327.9,324.2
Aug-83,1331.2,259.4,315.4,376.7,417.6
Sep-83,638.8,263,422.3,289.8,330.9
Oct-83,102.4,43.2,106.8,58.4,58.2
Nov-83,9.7,2.5,1,0,0.6
Dec-83,3.2,2.8,6.9,12.2,9.4
Jan-84,0,0.6,3.1,26.9,35.3
Feb-84,0.2,11.2,9.5,18.6,12.4
Mar-84,0.1,3.7,0.4,0.4,0.1
Apr-84,0.9,4.6,0.8,3.2,24.9
May-84,0.3,0.6,0,0.4,15.5
Jun-84,728,109.6,75.7,105.6,291.6
Jul-84,1090.5,260.8,168.5,258.6,322
Aug-84,421.4,140,59.8,271,400.2
Sep-84,220.5,133.2,120.1,48.7,99.8
Oct-84,118.7,109.1,106.2,76.6,52.7
Nov-84,2.9,4.7,5.4,0,0.2
Dec-84,0.3,1.7,3.3,0.6,0
Jan-85,0,2.6,7.1,22.5,33.2
Feb-85,0,0.2,0,1.1,9.4
Mar-85,0,2.3,6.2,1,0.4
Apr-85,0.4,9.1,10.5,7.3,8.7
May-85,23.3,12.3,7.6,9.7,11.9
Jun-85,1000,118.7,160.8,196.8,137.2
Jul-85,921.3,189.5,148.9,271.7,398.9
Aug-85,663.1,145.1,63.9,181.9,346
Sep-85,153.1,63.5,82.3,61.9,214.6
Oct-85,204.8,107.3,86,120.4,77.2
Nov-85,2.5,5.4,0.7,0,0
Dec-85,0,0,1.5,2.6,0
Jan-86,0,1.6,9.6,11.7,23.3
Feb-86,0,2.7,9.6,40.5,45.7
Mar-86,0,0.3,1.3,6.4,10
Apr-86,0.1,2.4,2.7,4.2,11.5
May-86,1,8.6,7.3,6.5,8.7
Jun-86,777.2,200.8,132.3,232.8,361.9
Jul-86,543.2,126.1,140.2,353.4,367.9
Aug-86,670.9,157.9,127.1,382.2,321
Sep-86,65,101,104,61.2,98.7
Oct-86,15.6,8.9,6.6,12.7,61.9
Nov-86,53.6,19.4,10.1,17.2,33.9
Dec-86,1,14.6,12.1,28.3,24.1
Jan-87,0,1.7,7.9,24.3,9.2
Feb-87,0,3.9,3.6,6.1,9.3
Mar-87,0,2.5,0.8,7.5,7.9
Apr-87,0.6,4,2,0.7,2.4
May-87,9,36.6,20.9,9.8,22.1
Jun-87,612,130.3,155.1,117,81
Jul-87,832.2,166.7,132,204.7,409.9
Aug-87,835.6,226.9,220.2,283.7,264.8
Sep-87,149.3,63.5,46.1,37.7,214
Oct-87,166.8,98.8,145.7,72.1,82.5
Nov-87,20.2,38,41.1,55.4,37.5
Dec-87,9.3,34.6,10.8,3.6,2.2
Jan-88,0,0,0,0.7,0.7
Feb-88,0,0.1,0,7.9,25.1
Mar-88,0,0.1,0.2,3.8,6.2
Apr-88,4.3,18.8,7.2,12.5,22.7
May-88,1.3,7.6,4.2,4.2,8.8
Jun-88,506.1,111,169.7,186.8,219.7
Jul-88,1432.1,314.1,301.6,485,375
Aug-88,664.4,165.7,245.4,286.6,351.1
Sep-88,617.9,324.8,411.9,230.1,167.8
Oct-88,66.9,27.5,18.5,86.4,28.7
Nov-88,0,1.9,7.7,4.3,0.4
Dec-88,0,4.9,3.5,0.3,0.1
Jan-89,0,0,0,0,0.1
Feb-89,0,0,0,0,0
Mar-89,0.6,16.3,42.3,23.6,10.5
Apr-89,1,3.3,2.8,0.1,1
May-89,4,11.8,6.4,2,8.9
Jun-89,733.1,153.5,237.9,236.5,226.8
Jul-89,943,271.9,336.2,240.6,372.1
Aug-89,704.9,152.1,245.7,330.1,353.7
Sep-89,300.5,181.6,170,118,173.9
Oct-89,80.7,22.9,17.6,15.2,10.4
Nov-89,3.6,1.4,0.5,1.6,5.2
Dec-89,0,1.7,9,30.1,24.6
Jan-90,0,2.6,2.9,3.5,0.5
Feb-90,0,0.2,0,6.8,18.5
Mar-90,0.1,0,0,8.6,9.2
Apr-90,0,0.2,0,3.9,7.4
May-90,193.9,78.2,142.1,71.3,122.3
Jun-90,802.1,150.5,221,303.2,293.6
Jul-90,873.7,227.3,131,326.3,393.9
Aug-90,1164.2,294.6,365.9,507.3,375.9
Sep-90,323.2,94.9,104.2,121.5,268.2
Oct-90,190,154.9,223.1,143.7,143.6
Nov-90,20.8,17.2,5,1.6,9.4
Dec-90,0,1.9,2.9,7.1,1.4
Jan-91,0,0,0.3,6.3,10.6
Feb-91,0,0.1,0.4,1.6,1.6
Mar-91,0,0.3,0.4,4.6,9.2
Apr-91,6.4,12.2,9.8,4.7,3.7
May-91,14.7,19.2,9.4,3,4.7
Jun-91,759.2,293.8,250.1,168.9,143.8
Jul-91,1461.4,318.1,222.4,348,446.2
Aug-91,598.8,143.9,49.7,255.4,411.2
Sep-91,92.7,67.3,38.5,23,135.1
Oct-91,20.3,21,9.1,9.6,37.9
Nov-91,0.8,4.7,10.9,12.1,9.3
Dec-91,0.3,0.1,0,1.5,7.6
Jan-92,0,0,0,0.2,0.1
Feb-92,0,0,0,0.5,0.3
Mar-92,0,0,0,0.4,0.5
Apr-92,0,2.1,3.5,2.9,1.9
May-92,6.2,5.1,6.7,5.7,5.4
Jun-92,493,146.9,217.9,167.9,137.1
Jul-92,822.9,190.6,79.4,241.3,401.3
Aug-92,1093.1,248.6,203,565.5,419.1
Sep-92,343.4,132.1,140.4,116.1,180
Oct-92,79,55.6,52.2,35.9,7.9
Nov-92,2.8,10.1,23.5,12.4,3
Dec-92,0,0,0,0,0
Jan-93,0,0,0,0.5,0
Feb-93,0,0.1,1,3.6,5.3
Mar-93,0.6,3,5.6,17.9,7.1
Apr-93,0.1,5.7,1.7,2.8,4.7
May-93,11.4,11.5,9.1,5,10
Jun-93,587.7,147.6,87.5,145.8,167.2
Jul-93,1394.1,289.2,216.3,365.6,351
Aug-93,648.7,162.4,166.2,222,299.5
Sep-93,597.2,162.6,121.8,171.3,298.6
Oct-93,227.6,192.8,136.3,77.7,60.1
Nov-93,9.4,10.7,5.8,0.5,1.9
Dec-93,4,34.3,55.1,10.4,0
Jan-94,1.3,3.1,3.2,10,3.5
Feb-94,0,0.1,0.1,9.8,8.4
Mar-94,0,0.6,0,0.1,0
Apr-94,12.5,21.8,14.9,9.6,5.2
May-94,11.7,23.8,14.3,2.2,9.1
Jun-94,784.8,253.2,110.6,228.6,413.4
Jul-94,1168.5,332.9,117.1,508.2,575.7
Aug-94,654.4,188.4,162.8,343.3,447.7
Sep-94,406.5,118.9,63.4,225.4,212
Oct-94,137.9,66.2,64.3,83.3,76.9
Nov-94,2.2,12.6,32.9,6.2,2.7
Dec-94,0,0,0,0.4,0
Jan-95,3.5,20,46.9,49.8,43.5
Feb-95,0,0.2,0.2,5.5,2.6
Mar-95,0,5.4,23.6,45.4,24
Apr-95,3.3,6.7,11.4,8.8,5.2
May-95,15.3,24,17.6,8,24.9
Jun-95,345.9,63.6,135.5,156.1,119.5
Jul-95,1171.2,253.1,186,335.8,478.3
Aug-95,606.5,82.7,96,165.9,356
Sep-95,419.5,194.3,137.9,201.3,137.7
Oct-95,196.5,121.5,153.2,100.5,69.6
Nov-95,4.4,4.9,1.2,0.1,11.2
Dec-95,0,0,0,0.3,8.2
Jan-96,0.1,0.1,0.1,2.2,11.1
Feb-96,0,0,0,3.7,5.6
Mar-96,0,0.1,0.3,3.6,3.6
Apr-96,0.6,4.1,10.6,9.3,4.8
May-96,1.4,5.7,1.6,0.7,2.2
Jun-96,535.7,162.3,55.8,64.4,195.2
Jul-96,1232,281,186.6,266,352.4
Aug-96,594.6,184.1,246.4,261.1,429.4
Sep-96,308.4,161.4,229.8,149.8,156.8
Oct-96,245.9,171.3,118.9,92.2,25
Nov-96,1.2,4.8,4.4,1.9,0.8
Dec-96,0.9,0.4,0.4,0,0.2
Jan-97,2.6,3.3,7.7,16.3,6.3
Feb-97,0,0,1.1,0,0.1
Mar-97,0.8,2.4,8.3,2.5,2.2
Apr-97,1.8,15.3,14.3,18.4,45.7
May-97,0.2,6.5,8,8.4,7.2
Jun-97,757.9,180.2,75.8,108,153.8
Jul-97,1072.6,239.9,131,248.4,384.6
Aug-97,847.6,295.5,121.1,265.8,414.7
Sep-97,215.2,91.7,163.4,145.7,167.5
Oct-97,21.8,57.7,106.8,77.4,30.2
Nov-97,47.1,68.8,98.6,69.9,51.4
Dec-97,59.6,39.6,54.3,78.5,53.5
Jan-98,0,0.2,0.1,12.8,64.9
Feb-98,0,0,0.3,14.7,11.2
Mar-98,0,0.6,3.4,16.2,27.3
Apr-98,0,2.5,1.7,8.3,11.9
May-98,9.7,18.4,8.7,10.6,16.4
Jun-98,671.3,147.1,189.8,127.5,156.2
Jul-98,909.1,264.1,255.1,274,356
Aug-98,758.3,226.4,249.9,234.2,259.6
Sep-98,561.8,257.2,235.8,247.4,288.3
Oct-98,280,162.5,150.3,53.9,93.1
Nov-98,44.3,22.1,31.6,62.2,47.8
Dec-98,0.1,0,0,0,0
Jan-99,0,0,0,0.2,0
Feb-99,0,6.7,6,20.9,3.1
Mar-99,0,0,0.1,0.2,0.1
Apr-99,0,0.1,0,0,0
May-99,67.1,39.2,17.9,33.3,31.5
Jun-99,978.7,225.3,141.5,228.8,222.5
Jul-99,1105.1,262.5,133.3,234,310
Aug-99,283.7,85.4,133.4,294.1,408.7
Sep-99,297.1,169,215.4,248,253.7
Oct-99,179.7,177.6,119.9,105.5,91.2
Nov-99,0.7,0,0,0,1.3
Dec-99,0,0,0,0,0.6
Jan-00,1.2,0.4,0.4,0.1,2.6
Feb-00,0,1.1,3.8,16.4,0
Mar-00,0,0.2,0.5,0.1,0.6
Apr-00,0.9,1.7,0.4,0.1,1.5
May-00,190.3,18.5,16.3,28.8,9.3
Jun-00,739.4,173,188.3,235.9,180.7
Jul-00,1200.4,198.7,157.3,472.1,322.4
Aug-00,789.5,159.6,239.5,286.2,215.6
Sep-00,111.9,87,44.8,54,169.1
Oct-00,91.8,56.5,30.8,11,4.3
Nov-00,1.6,2.7,0.7,0,0.2
Dec-00,6.2,2.1,1.7,0.5,0.1
Jan-01,5.6,4.4,4.8,8.9,0.8
Feb-01,0,0,0.5,0.1,0.3
Mar-01,0,0.3,0.5,15.2,14.6
Apr-01,2.8,4.7,9.9,18.3,17.6
May-01,59.6,8.4,0.7,7.9,16.6
Jun-01,540.1,157.9,148.7,338.6,339.4
Jul-01,873.4,179.3,56.7,202,630.6
Aug-01,611.3,160.9,255.8,359.8,380.3
Sep-01,207.9,137.3,83.5,37.4,108.4
Oct-01,91.6,125.5,170.5,129.2,86.9
Nov-01,3.1,5.7,0.8,4.7,4.6
Dec-01,0,0.5,0,0,0
Jan-02,0,1.7,5.5,2.4,41.5
Feb-02,0,3.1,4.1,4,4.9
Mar-02,0.1,1,0.7,1.1,12.2
Apr-02,2.8,13,6.1,2.9,3.3
May-02,9.4,14.4,8.5,8.2,32.1
Jun-02,942,251.9,241.8,301.1,196.3
Jul-02,452.8,95.6,58.2,88.1,138.4
Aug-02,834.5,221.5,223.6,352.5,352.4
Sep-02,217.1,95.8,122.4,128.6,122.3
Oct-02,75.3,36.3,46.4,35.2,57.8
Nov-02,3,5.9,4.8,1.9,13.3
Dec-02,0.3,0,0,0.1,15.9
Jan-03,0.5,0.8,2.1,0,3.7
Feb-03,0.6,2.2,1.3,4.4,17.7
Mar-03,0.8,1.5,2.3,3.6,12.1
Apr-03,1.2,5.7,4.9,2.7,2.6
May-03,11.2,15.1,28.5,3,0.7
Jun-03,865.3,210.8,117.6,140.2,128.7
Jul-03,1013.9,208.7,255.9,401,446.6
Aug-03,593.7,178.4,183.9,280.9,519.7
Sep-03,298.7,116.2,95.7,138,384.1
Oct-03,54.4,29.5,22.1,42.6,157.6
Nov-03,1.9,3.5,4.9,0.8,5.8
Dec-03,0,0.1,0.8,1.3,14.9
Jan-04,0,0.1,1.2,10.3,37.8
Feb-04,0,0.1,0.4,5.5,16.7
Mar-04,0,0,5.5,0.6,3.1
Apr-04,10.4,4.7,1.9,3.5,21.2
May-04,46.9,49,30.4,12.2,6.8
Jun-04,678.6,215.9,100,137.9,213.1
Jul-04,902.3,174.2,201.7,217.7,323.1
Aug-04,1011.5,354.1,75,223.1,351.7
Sep-04,293.3,181.2,177.2,86.3,126.5
Oct-04,32.9,42.1,58.1,27.7,43.9
Nov-04,10.2,8,27.2,6.9,0.7
Dec-04,0,0.1,0,0.2,0.1
Jan-05,1.3,3.6,13.2,74.9,57.6
Feb-05,0.1,0.4,0.7,7,15.6
Mar-05,1.9,1.6,11.6,7.2,6.1
Apr-05,4,11.1,1.6,1.9,6.5
May-05,9.8,7.8,2.1,2.6,16.4
Jun-05,730.2,240.5,59.7,144.4,197
Jul-05,1340.9,361.2,413.5,393.2,393.8
Aug-05,772.2,256.1,124.1,249.2,267.7
Sep-05,678.8,276.4,213.5,246.8,240.5
Oct-05,76.5,62.7,100.5,87.2,83.5
Nov-05,0,0,0,0,1.6
Dec-05,0.1,0,0,0.2,1
Jan-06,0,0,0,0,2.7
Feb-06,0,0,0,0,0
Mar-06,9.9,7.1,30.7,50.6,26.2
Apr-06,0,0.2,1.6,16.2,17.2
May-06,211.8,42.3,26.7,20.9,23.5
Jun-06,683.1,205.3,134.7,115,92.2
Jul-06,1066.2,416.4,116.2,360.8,495.1
Aug-06,886.4,421.7,301.3,421.4,447.2
Sep-06,399.9,217,209.4,175.8,184.6
Oct-06,202.4,60.1,47.7,43.7,13.3
Nov-06,22.5,25.5,4.6,11.1,15.1
Dec-06,0,0,0,0,0.7
Jan-07,0,1.3,0,0.1,0
Feb-07,0,0.4,0,1.3,15.7
Mar-07,0.1,0,0.1,1.4,6.2
Apr-07,3.3,2.1,0.7,3.2,11.4
May-07,33.4,5.5,10,1.2,10.4
Jun-07,939.3,266.9,185.4,256.7,259.4
Jul-07,841.3,293.5,123.1,349.1,309.9
Aug-07,980.2,274.2,146.2,282.4,338.8
Sep-07,609,189.2,240.7,241.8,259.1
Oct-07,45.6,3.4,0.9,27.3,67.8
Nov-07,16,3.9,7.5,2.5,2
Dec-07,0.1,0,0,0,0.5
Jan-08,0,0,0.1,0.2,6.7
Feb-08,0.1,0,0.1,1.9,9.7
Mar-08,31.5,18.1,14.6,19.2,22.2
Apr-08,0.3,0.6,3.7,2.8,11.2
May-08,11.1,1.1,1.8,2.9,9.5
Jun-08,798.5,107.9,66.7,137.9,236.4
Jul-08,766.6,157.9,106.5,261.5,280.5
Aug-08,833.1,257.6,150.8,254,305.1
Sep-08,551.2,312.4,267.8,160.8,215.4
Oct-08,57.3,56.6,33.8,22.4,10.7
Nov-08,0.9,3.7,0.3,2.9,1.2
Dec-08,2.4,0.9,0.1,0.1,0
Jan-09,0,0,0,0.1,1.2
Feb-09,0,1.7,0,0,0
Mar-09,0.3,0.8,0.6,0.9,2.3
Apr-09,0.1,0.4,0.8,2.4,1.9
May-09,5.6,7.7,7,5.9,11.2
Jun-09,330.6,68.9,63.1,78.1,45.3
Jul-09,1271.2,329.8,139.2,310.8,455
Aug-09,292.9,148.2,167.6,175.4,247.1
Sep-09,387.5,162.6,159.9,90.3,104.7
Oct-09,307.4,96.2,59,41.9,43.6
Nov-09,121,121.3,63.3,63.8,42.5
Dec-09,0,4.3,8.4,1.2,1.9
Jan-10,2.7,2.9,4.3,14,7.9
Feb-10,0,0.1,5.8,1.9,4.9
Mar-10,0,0.9,3.9,7.5,1
Apr-10,1.5,2.3,0.7,0.3,5.9
May-10,8.2,5.4,4.6,1.9,12.6
Jun-10,680.8,185.6,119.7,144.8,102.6
Jul-10,1405.3,280.9,329.5,454.5,426.8
Aug-10,850,233.2,291.4,384,340.3
Sep-10,531.3,165.6,157.3,238,302.5
Oct-10,190.2,77.1,57.7,51,54.3
Nov-10,106.7,73.4,36.8,37,20.2
Dec-10,1.4,0.2,0,3.2,27.6
Jan-11,0,0,0,0,0.3
Feb-11,0,0.3,3.8,1.2,11.5
Mar-11,0,0.3,0.7,0.1,2.6
Apr-11,3.4,5,3.5,7.7,35
May-11,1.1,2.9,3.1,0.6,16.8
Jun-11,857,133.3,79.2,137.9,183.5
Jul-11,1384.1,261.4,230.1,247.1,272.6
Aug-11,987.9,238.1,228.5,302.8,379.8
Sep-11,468.3,148.4,90,191,382.2
Oct-11,120.3,62.8,24.8,4.7,15.5
Nov-11,3.1,0,0,0,0
Dec-11,0,0,0,0,2.8
Jan-12,0,0,0,3.1,36.6
Feb-12,0,0,0,0.1,4.8
Mar-12,0,0,0,0,1.1
Apr-12,0.6,3,0.6,0.6,14.9
May-12,1.1,1.4,2.3,0.2,9.4
Jun-12,633,67.9,72.2,125.5,147.3
Jul-12,928.5,203,161.1,370.5,430.6
Aug-12,762.5,187.8,101.4,316.2,442.2
Sep-12,515.3,129.5,120,249.4,245.3
Oct-12,175.1,95.2,68.8,34.9,19.8
Nov-12,2.3,2.2,0.3,7.3,20.4
Dec-12,0,0,0,0,5
Jan-13,1.8,0.1,1.5,6.6,2.8
Feb-13,5.4,5.3,9.4,13,19.7
Mar-13,0.1,0.8,2.6,3.8,4.9
Apr-13,0.1,5.7,7.9,2.8,45.8
May-13,18.5,6,6.4,0.5,5.7
Jun-13,1028.3,212.4,160.9,366.7,263.6
Jul-13,1478.5,311.8,293.4,535.5,418.8
Aug-13,497.6,147,136.9,326.1,336.6
Sep-13,340.7,210.3,154.1,131.7,140.9
Oct-13,149.3,57.8,94.3,133.5,180.9
Nov-13,2.1,4,7.4,0,0.3
Dec-13,1.5,1.3,13.1,0,0
Jan-14,1.3,3.1,1.4,1.2,2.3
Feb-14,5.3,6.2,13.4,18.3,29
Mar-14,1.8,24.4,79,49.6,21.4
Apr-14,0.7,7.5,11.9,2.6,17.3
May-14,21.3,29.8,7,4,25
Jun-14,238.2,44,30.4,63.3,104.9
Jul-14,1293.2,277.9,105,337.6,416.7
Aug-14,658,240.3,178.9,191.7,327.7
Sep-14,419.5,120.4,84.5,224.9,252.7
Oct-14,98.7,38.5,14.2,17.3,77.9
Nov-14,8,32.8,19.9,6.2,2.6
Dec-14,11.7,13.1,3.3,2.3,1.1
Jan-15,2.7,1.4,10.1,26.3,15.8
Feb-15,0,0.8,1.6,4.7,1.2
Mar-15,36.8,41.2,32,66.3,21.2
Apr-15,3.6,9.6,39.6,28.1,37
May-15,11.3,24.4,12.3,12.8,13
Jun-15,764,177,118.3,254.6,257.6
Jul-15,526.5,111.7,27.4,137.2,248.6
Aug-15,377.3,67.2,112.2,288.9,286.6
Sep-15,240.9,146.6,154.3,167.5,216.9
Oct-15,91.4,48.3,19.5,7,17.7
Nov-15,27.3,16.2,4.8,0,0.6
Dec-15,0,0.1,0,0.2,1.5
